{"loss_vs_iteration": [], "avg_loss": [0.0, 0.0, 0.0, 0.0, 0.0, 0.0, 0.0, 0.0, 0.0, 0.0], "eps": [0.9998666666666667, 0.9997333333333334, 0.9996, 0.9994666666666666, 0.9993333333333333, 0.9992, 0.9990666666666667, 0.9989333333333333, 0.9988, 0.9986666666666667]}